dataset_idx,visual_cued_base,question_base,ans_orig_base,ans_blank_base,same_orig_blank_base,swap_k_base,swap_same_rate_base,mdi_orig_base,aei_t_orig_base,aei_o_orig_base,at_orig_base,ao_orig_base,mdi_blank_base,aei_t_blank_base,aei_o_blank_base,at_blank_base,ao_blank_base,effrank_text_orig_base,effrank_image_orig_base,cka_ti_orig_base,effrank_text_blank_base,effrank_image_blank_base,cka_ti_blank_base,visual_cued_reg,question_reg,ans_orig_reg,ans_blank_reg,same_orig_blank_reg,swap_k_reg,swap_same_rate_reg,mdi_orig_reg,aei_t_orig_reg,aei_o_orig_reg,at_orig_reg,ao_orig_reg,mdi_blank_reg,aei_t_blank_reg,aei_o_blank_reg,at_blank_reg,ao_blank_reg,effrank_text_orig_reg,effrank_image_orig_reg,cka_ti_orig_reg,effrank_text_blank_reg,effrank_image_blank_reg,cka_ti_blank_reg,dominant_base,dominant_reg,dominance_transition
0,1,Which animal's mouth is also adapted for bottom feeding?,b,b,1,4,1.0,252.60889665670635,9.655975002569956,0.0382249997144493,0.9655975002569956,0.0344024997430043,264.833840068483,9.671333535776688,0.0365184960248123,0.9671333535776688,0.0328666464223311,33.16337973442967,19.35390487183882,0.2860322296619415,33.35550715637067,9.914945869842311,0.2193090617656707,1,Which animal's mouth is also adapted for bottom feeding?,b,b,1,4,1.0,252.60152643781845,9.6559653101971,0.0382260766447666,0.96559653101971,0.0344034689802899,264.79424460431653,9.671286004824292,0.0365237772417453,0.9671286004824292,0.0328713995175708,33.17051240417398,19.35470316747856,0.2861027121543884,33.35028272534914,9.919206546000217,0.2192127853631973,1,1,keep
1,0,Which of the following could Wendy's test show?,c,c,1,4,1.0,136.58569364916625,5.836717437049188,0.0427330072506815,0.964327228729866,0.0356727712701341,153.86771646395894,5.860197332306612,0.0380859446476497,0.9682065157723968,0.0317934842276033,29.69480567606136,18.668376703808622,0.224652424454689,29.63815064632333,9.918735937461411,0.2221749722957611,0,Which of the following could Wendy's test show?,c,c,1,4,1.0,136.59573609436546,5.836732744715442,0.0427299776084021,0.9643297578225511,0.0356702421774487,153.88715285588498,5.860220864661654,0.0380812872023809,0.968210403726708,0.0317895962732919,29.69300746299279,18.667655673901823,0.2245754450559616,29.635684615189877,9.92202593498086,0.2221655547618866,0,0,none
2,1,Does this passage describe the weather or the climate?,b,b,1,4,1.0,256.2855322957345,10.68399632524348,0.0416878636477807,0.9620660198086544,0.0379339801913454,283.14689574569974,10.72258359956592,0.0378693312929558,0.9655407032784478,0.0344592967215521,31.860124409359155,13.365488829942048,0.2024991810321808,30.011333345370925,9.914945869842311,0.2063752263784408,1,Does this passage describe the weather or the climate?,b,b,1,4,1.0,256.3963936470379,10.684171566969503,0.0416705220186428,0.962081799869292,0.0379182001307081,283.2096111239944,10.722665422532875,0.0378612342285174,0.9655480712233396,0.0344519287766603,31.865799160734,13.369466274557915,0.2027116417884826,30.008528614732512,9.919206546000217,0.2064528912305832,1,1,keep
3,1,Which animal's feet are also adapted for grabbing prey?,b,b,1,4,1.0,263.177507680162,9.415058422484616,0.0357745557569709,0.9679032023115026,0.0320967976884973,257.1742930038941,9.408009612931762,0.0365822318515688,0.9671785583387792,0.0328214416612206,35.75684414399285,15.35549585165904,0.22002013027668,35.18110697564377,9.918735937461411,0.2027294635772705,1,Which animal's feet are also adapted for grabbing prey?,b,b,1,4,1.0,263.1956380552493,9.415079239275808,0.0357721704996471,0.9679053423554568,0.0320946576445432,257.2374757398913,9.408085457257688,0.03657354135589,0.9671863554190144,0.0328136445809854,35.76330675068881,15.355382359977876,0.2201058566570282,35.17760103759956,9.92202593498086,0.2026656419038772,1,1,keep
4,0,"Is the following statement about our solar system true or false?
Jupiter's volume is more than 10,000 times as large as the volume of Mars.",b,b,1,4,1.0,188.96238522740376,7.507249518142357,0.0397288037463534,0.9653800439366118,0.0346199560633881,218.96757474562077,7.543033537244563,0.0344481759274516,0.9699816197666988,0.0300183802333012,29.22160834061844,19.803731139333543,0.2647886574268341,29.85440805186009,9.918735937461411,0.1731055527925491,0,"Is the following statement about our solar system true or false?
Jupiter's volume is more than 10,000 times as large as the volume of Mars.",b,b,1,4,1.0,188.93103187602367,7.507206387538251,0.03973516850564,0.9653744976410762,0.0346255023589238,218.97112975990296,7.543037213350306,0.0344476334465693,0.9699820924883148,0.0300179075116852,29.22561462546961,19.797169234066875,0.2648308873176574,29.852877754289203,9.92202593498086,0.1731445640325546,0,0,none
5,0,What is the capital of Massachusetts?,d,d,1,4,1.0,221.19491712749956,9.237969767366986,0.0417639333097428,0.9625878295701216,0.0374121704298785,242.93537246797447,9.269002769930747,0.0381541916920832,0.9658214394795646,0.0341785605204354,32.1560727305555,10.08909613208339,0.1558945477008819,31.778965459706143,9.918735937461411,0.1800185590982437,0,What is the capital of Massachusetts?,d,d,1,4,1.0,221.2186037084569,9.238006773347054,0.0417596287947002,0.9625916855587132,0.0374083144412866,242.87675946732935,9.268926317518464,0.0381630845942066,0.9658134732095444,0.0341865267904556,32.15805844260315,10.087580826271044,0.1558611243963241,31.77782897565965,9.92202593498086,0.1800872981548309,0,0,none
6,0,Is Lithops bromfieldii made up of many cells?,b,b,1,4,1.0,219.52770013882463,10.155880847499688,0.0462624117187823,0.9581019667452536,0.0418980332547462,276.62643956067785,10.244477288135265,0.0370336158192432,0.9664601215221948,0.0335398784778052,32.64400641870079,19.202815439288564,0.289861112833023,31.56046565771633,9.914945869842311,0.220109224319458,0,Is Lithops bromfieldii made up of many cells?,b,b,1,4,1.0,219.4764114990256,10.155781412262812,0.046272769555957,0.9580925860625294,0.0419074139374705,276.5824580928876,10.24442265022767,0.037039307267951,0.9664549670026104,0.0335450329973896,32.63508060975192,19.20448659441149,0.2898754179477691,31.558020257011947,9.919206546000217,0.2201400399208068,0,0,none
7,0,Which bird's beak is also adapted to tear through meat?,b,b,1,4,1.0,218.8367844771829,9.354223648141575,0.0427452069837778,0.9616491600893208,0.0383508399106792,255.14251007071164,9.40555130436746,0.0368639130412284,0.9669258350284304,0.0330741649715694,34.54279176305578,10.48803396953505,0.1696028858423233,34.387283309498336,9.918735937461411,0.2218111902475357,0,Which bird's beak is also adapted to tear through meat?,b,b,1,4,1.0,218.8451143104521,9.354237302858964,0.0427436423807438,0.961650563845314,0.038349436154686,255.1714646909155,9.40558660321619,0.0368598683814783,0.9669294638820382,0.0330705361179618,34.54339297025076,10.485023748850098,0.1695702522993087,34.390325112465874,9.92202593498086,0.2218256443738937,0,0,none
8,1,Which of these states is farthest north?,d,d,1,4,1.0,191.43150722169776,9.184545345200966,0.0479782324158598,0.957021054632138,0.0429789453678619,241.29358358374276,9.266847720025265,0.0384048658998391,0.9655968852903464,0.0344031147096537,29.908902126784675,8.83044992056779,0.1756246536970138,29.63653957695788,9.918735937461411,0.1711814403533935,1,Which of these states is farthest north?,d,d,1,4,1.0,191.4041461336381,9.18448891744602,0.0479847960609663,0.9570151749127268,0.0429848250872731,241.29283542498587,9.266846731519786,0.0384049808822471,0.965596782288998,0.0344032177110021,29.913166671877377,8.832532350618791,0.1757550686597824,29.641924283137637,9.92202593498086,0.1712375730276107,1,1,keep
9,1,Which property do these three objects have in common?,c,b,0,4,0.0,175.72904756768418,9.641241204931108,0.0548642432106602,0.9505449075284188,0.049455092471581,245.56863267387985,9.778779754969094,0.0398209643002553,0.9641050462645584,0.0358949537354414,32.71362888862567,6.7860866449414425,0.191724881529808,32.47992777337746,9.914945869842311,0.192080557346344,1,Which property do these three objects have in common?,c,b,0,4,0.0,175.71038340918037,9.641190558053912,0.0548697827128535,0.9505399141743291,0.0494600858256707,245.60347640089807,9.77882955279323,0.0398155176632405,0.9641099559091916,0.0358900440908083,32.71525903245558,6.783197638640958,0.1916809380054474,32.47724852278121,9.919206546000217,0.1920905262231826,0,0,none
10,0,Identify the question that Tyrone and Quincy's experiment can best answer.,b,b,1,4,1.0,127.93177267532413,5.66519513567628,0.0442829409552065,0.963246435172624,0.036753564827376,155.2998366419909,5.702127701924339,0.0367168943974443,0.9695260357738792,0.0304739642261209,31.76323255830147,13.601471613654368,0.1946911662817001,31.51625200044608,9.918735937461411,0.2607107162475586,0,Identify the question that Tyrone and Quincy's experiment can best answer.,b,b,1,4,1.0,127.94650529622574,5.665219111181415,0.044278029306585,0.9632505116994338,0.0367494883005662,155.25471703395124,5.702077202949623,0.0367272396735146,0.9695174494928754,0.0304825505071245,31.76304323524634,13.600005927352584,0.194773644208908,31.515868785714854,9.92202593498086,0.2606478929519653,0,0,none
11,1,Which animal's mouth is also adapted for bottom feeding?,b,b,1,4,1.0,221.1189352655535,9.35792766509045,0.0423207883750526,0.9620299468784574,0.0379700531215425,256.50641009742003,9.407205678927358,0.0366743492895734,0.9670959109177658,0.0329040890822341,34.197373334806294,10.101024478968386,0.1938089877367019,33.92582750442717,9.918735937461411,0.2146087884902954,1,Which animal's mouth is also adapted for bottom feeding?,b,b,1,4,1.0,221.21652068571825,9.358084410756614,0.0423028279341379,0.9620460609189042,0.0379539390810957,256.4386743108353,9.407123918831385,0.0366837176339041,0.9670875056742544,0.0329124943257457,34.195710104265686,10.099213620836696,0.1936701536178589,33.92558484886732,9.92202593498086,0.2145803719758987,1,1,keep
12,1,Which property do these two objects have in common?,b,a,0,4,0.5,229.3428415621123,10.323268893275094,0.0450123876680025,0.9591698656743788,0.0408301343256212,257.2296880163125,10.369167872672266,0.0403109297089171,0.9634344952561632,0.0365655047438366,31.766905648878137,8.130931303252897,0.1849350482225418,31.571498651359008,9.914945869842311,0.209739089012146,1,Which property do these two objects have in common?,b,a,0,4,0.5,229.26024396429767,10.323117037844863,0.045027942304085,0.9591557562722,0.0408442437278,257.1896518418754,10.369108850921409,0.0403169753396474,0.9634290113454536,0.0365709886545463,31.767450968635163,8.129671333578216,0.1849285364151001,31.57756618319504,9.919206546000217,0.2097738981246948,0,0,none
13,0,"Based on the arrows, which of the following organisms is a consumer?",b,a,0,4,0.75,190.3658094195781,8.740201484728155,0.0459126642088559,0.9591256652483756,0.0408743347516244,233.40743144802693,8.806580677301802,0.0377305067909235,0.9664099352216816,0.0335900647783183,33.222614715559644,11.331460578294775,0.1954303532838821,31.9115455130597,9.918735937461411,0.2053752541542053,0,"Based on the arrows, which of the following organisms is a consumer?",b,a,0,4,0.75,190.4546733313401,8.740368176520974,0.0458921171302269,0.959143957547124,0.0408560424528759,233.47034933734133,8.80666039679015,0.0377206802567695,0.966418683419012,0.033581316580988,33.21938315019053,11.331147193463664,0.1955053806304931,31.906912391474386,9.92202593498086,0.2053785324096679,0,0,none
14,0,What is the expected ratio of offspring with black eyes to offspring with red eyes? Choose the most likely ratio.,d,d,1,4,1.0,134.97624374498318,6.536427612864888,0.0484265040388474,0.9586760498868502,0.0413239501131498,176.2321361439359,6.600278208170777,0.0374521829706476,0.9680408038650472,0.0319591961349526,26.6096983565226,11.42188371470746,0.200147345662117,26.8348640274091,9.918735937461411,0.2453112453222274,0,What is the expected ratio of offspring with black eyes to offspring with red eyes? Choose the most likely ratio.,d,d,1,4,1.0,135.00349163763195,6.53648213010042,0.0484171338889903,0.9586840457480617,0.0413159542519384,176.28995523269614,6.600347392274093,0.0374402919528902,0.968050950866867,0.031949049133133,26.610567532484342,11.4243675333644,0.2001538127660751,26.83628440549201,9.92202593498086,0.2452417612075805,0,0,none
15,0,Identify the question that Reba and Donald's experiment can best answer.,b,b,1,4,1.0,130.72468818218155,5.383179356549147,0.041179515754874,0.966211679380616,0.0337883206193838,140.01845805962498,5.3952794067218335,0.0385326297795989,0.9683834832577648,0.031616516742235,31.74396525990245,15.122167715541815,0.2616364657878876,31.54454009600877,9.918735937461411,0.2399769276380539,0,Identify the question that Reba and Donald's experiment can best answer.,b,b,1,4,1.0,130.72712198091523,5.383182742843375,0.0411787750030117,0.966212287177016,0.0337877128229839,140.03288384481962,5.39529697943436,0.0385287857487336,0.9683866373343724,0.0316133626656276,31.74619800199202,15.120804933581612,0.2617080509662628,31.543554886014224,9.92202593498086,0.2399423122406005,0,0,none
16,0,Which term matches the picture?,b,b,1,4,1.0,250.51698252692444,10.35901823376244,0.0413505628611389,0.9624914579401322,0.0375085420598677,259.13768322318697,10.371960282291743,0.0400249016402554,0.963693947488524,0.0363060525114758,29.92576417915412,12.946856332845751,0.2549382150173187,30.02888317088489,9.914945869842311,0.208691194653511,0,Which term matches the picture?,b,b,1,4,1.0,250.6624168423376,10.359243676319004,0.0413274706548241,0.962512404571372,0.0374875954286278,259.1148398002149,10.371927084638717,0.0400283020942983,0.9636908629821798,0.0363091370178202,29.921169683222058,12.945405631715053,0.2548291981220245,30.031503641594625,9.919206546000217,0.2086739242076873,0,0,none
17,1,Does this passage describe the weather or the climate?,b,b,1,4,1.0,229.2978102185369,10.636507243171184,0.046387304061185,0.957789751754751,0.0422102482452489,276.5272280438802,10.71374576160207,0.0387439090081284,0.9647448790068216,0.0352551209931784,30.463425327182183,11.218453995692744,0.2423422038555145,29.97400612354681,9.914945869842311,0.2100841701030731,1,Does this passage describe the weather or the climate?,b,b,1,4,1.0,229.35156871807692,10.636612479736907,0.0463768900260352,0.9577992280331812,0.0422007719668187,276.5925283278237,10.71383493632858,0.0387350844258175,0.9647529089584976,0.0352470910415022,30.45834161880492,11.21706591857427,0.2425102144479751,29.96908983112686,9.919206546000217,0.2100788056850433,1,1,keep
18,1,Does this passage describe the weather or the climate?,b,b,1,4,0.5,318.9042415259007,10.764173903479264,0.0337536241348643,0.9692858017350996,0.0307141982649002,276.5272280438802,10.71374576160207,0.0387439090081284,0.9647448790068216,0.0352551209931784,31.036856537824598,14.745433858697808,0.2253364622592926,29.97400612354681,9.914945869842311,0.2100841701030731,1,Does this passage describe the weather or the climate?,b,b,1,4,0.5,319.0063921840201,10.764279771780345,0.0337431475842368,0.9692953348996516,0.0307046651003482,276.5925283278237,10.71383493632858,0.0387350844258175,0.9647529089584976,0.0352470910415022,31.041740765831896,14.745929564569664,0.225371703505516,29.96908983112686,9.919206546000217,0.2100788056850433,0,0,none
19,0,"Is the following statement about our solar system true or false?
The volume of Mars is more than three times as large as Mercury's.",b,b,1,4,1.0,207.8455174252856,8.185902572640837,0.0393845519212769,0.9652595682899608,0.0347404317100391,236.2235098866416,8.22020908949441,0.0347984376891153,0.9693049002926027,0.0306950997073972,29.844110305773167,20.21903927046675,0.2660733759403229,30.38509981577426,9.918735937461411,0.1804172545671463,0,"Is the following statement about our solar system true or false?
The volume of Mars is more than three times as large as Mercury's.",b,b,1,4,1.0,207.84195838616003,8.185897702953692,0.0393852029037597,0.965258994069578,0.034741005930422,236.29271883681005,8.220282993459444,0.0347885581660118,0.9693136148489696,0.0306863851510303,29.84590343801381,20.213322853492745,0.2660571038722992,30.387026879918352,9.92202593498086,0.1804571896791458,0,0,none
20,0,Select the bird below.,b,b,1,4,1.0,224.31140824968077,10.790901598335534,0.048106789050712,0.9561558378271992,0.0438441621728008,276.3802118598638,10.880777311816274,0.0393688724623066,0.9641195086419484,0.0358804913580516,29.442778660293467,14.028381468245014,0.2270741909742355,28.582731834012105,9.914945869842311,0.256661981344223,0,Select the bird below.,b,b,1,4,1.0,224.2759883465824,10.7908268793288,0.048114053398589,0.9561492171557164,0.0438507828442836,276.35993057976714,10.88074866097041,0.0393716579612102,0.9641169699594032,0.0358830300405967,29.44416859478013,14.025364939261651,0.2270762771368026,28.57811187180286,9.919206546000217,0.256791889667511,0,0,none
21,0,"Which bird's beak is also adapted to crack large, hard nuts?",b,b,1,4,1.0,195.2779927989797,8.545135833629734,0.043758826640676,0.9611631985438684,0.0388368014561315,237.55984886906464,8.604613762728949,0.0362208252096991,0.9678533199987878,0.0321466800012122,35.06552006087652,10.30659945958884,0.1914962232112884,35.08769014607629,9.918735937461411,0.2379391342401504,0,"Which bird's beak is also adapted to crack large, hard nuts?",b,b,1,4,1.0,195.36814616183528,8.54528897706485,0.0437394178372674,0.9611804242307148,0.0388195757692851,237.55805723559052,8.604611676572832,0.0362210896010127,0.9678530853464048,0.0321469146535952,35.06817872798842,10.305336492590484,0.1914815753698349,35.086970715530256,9.92202593498086,0.2379560023546219,0,0,none
22,0,"Complete the sentence.
 is what happens when pollen lands on a female cone.",b,b,1,4,1.0,172.0931299460947,8.217069264969837,0.04774780531648,0.95781788978176,0.04218211021824,211.73859684750843,8.282485036535272,0.0391165576793739,0.9654430410685284,0.0345569589314714,31.12969193719669,15.0953672736365,0.2352023720741272,31.23758504898937,9.918735937461411,0.2735771834850311,0,"Complete the sentence.
 is what happens when pollen lands on a female cone.",b,b,1,4,1.0,172.09828923750777,8.21707965601673,0.0477464342755701,0.9578191010080852,0.0421808989919147,211.74675230256597,8.282496060255827,0.0391151031606894,0.9654443260420904,0.0345556739579097,31.135756217585232,15.09120738440532,0.2351638823747635,31.24032589362201,9.92202593498086,0.2735622227191925,0,0,none
23,1,Which property do these three objects have in common?,a,c,0,4,0.5,218.16637362532595,9.870020967952604,0.0452407985884348,0.9591556426537016,0.0408443573462985,251.7334271280782,9.924070788079272,0.0394229360053563,0.9644081330108382,0.0355918669891618,31.851739478590403,6.905577485249115,0.1865735054016113,31.62010172414838,9.914945869842311,0.1987975835800171,1,Which property do these three objects have in common?,a,c,0,4,0.5,218.1439850094978,9.869979593494028,0.0452452520891845,0.9591516219382912,0.0408483780617089,251.70581995603143,9.924032047367811,0.0394271060124925,0.9644043682395051,0.0355956317604948,31.85437472172191,6.906797588739849,0.1866379529237747,31.61827738240544,9.919206546000217,0.1988892406225204,0,0,none
24,0,Which term matches the picture?,b,b,1,4,1.0,239.90867300881888,10.992856389081174,0.0458210045148183,0.9581729023763306,0.0418270976236693,265.9380626377131,11.038045457879946,0.0415060760704911,0.962111727707444,0.037888272292556,29.46154128903731,8.378952319441916,0.2048781067132949,28.730088843966275,9.914945869842311,0.2175788581371307,0,Which term matches the picture?,b,b,1,4,1.0,239.85370648627867,10.99275101933118,0.0458310658624741,0.9581637180082644,0.0418362819917355,265.8497252314902,11.037906494637156,0.0415193451301325,0.9620996152219392,0.0379003847780608,29.46117603400325,8.379277950527987,0.2049596458673477,28.72802028277605,9.919206546000217,0.2175859361886978,0,0,none
25,0,Is Chelonoidis nigra made up of many cells?,b,b,1,4,1.0,244.9026601025905,9.914228735630472,0.0404823235953311,0.963451695312052,0.0365483046879479,260.5868573241313,9.93608582647861,0.038129650622094,0.9655757386233133,0.0344242613766868,33.68554666153962,13.52731287271217,0.2433607280254364,31.2557848860106,9.914945869842311,0.20483960211277,0,Is Chelonoidis nigra made up of many cells?,b,b,1,4,1.0,244.916580404669,9.914249330428923,0.0404801067941087,0.9634536966874504,0.0365463033125496,260.5380019092773,9.936021687980126,0.0381365544188059,0.965569505728476,0.0344304942715238,33.690687060220576,13.526477581359256,0.243404135107994,31.25420511045351,9.919206546000217,0.2048174887895584,0,0,none
26,1,Which of these continents does the equator intersect?,c,c,1,4,1.0,208.15300938535245,9.716090194367988,0.0466776349910014,0.957924385360224,0.0420756146397759,256.91622030107004,9.794307885419778,0.0381225750322117,0.9656359887033584,0.0343640112966415,32.2065662618197,18.64725139923731,0.2419131845235824,32.139225947005826,9.914945869842311,0.1763529479503631,1,Which of these continents does the equator intersect?,c,c,1,4,1.0,208.30349804319383,9.716385548066762,0.046645330680198,0.9579535047389764,0.0420464952610235,256.87505276360395,9.794253945763538,0.038128474682113,0.9656306707090812,0.0343693292909188,32.20551430480409,18.644886356400715,0.2418832033872604,32.14136388032625,9.919206546000217,0.1763750612735748,1,1,keep
27,1,What is the name of the colony shown?,a,d,0,4,0.0,187.73568331858115,9.061725395936968,0.04826852964633,0.9568281473970712,0.0431718526029287,220.2550057501901,9.11985593686892,0.0414058963418634,0.9629661548246686,0.0370338451753313,29.1953268051878,22.21454705165706,0.2565342783927917,28.80348199902035,9.918735937461411,0.1860697716474533,1,What is the name of the colony shown?,a,d,0,4,0.0,187.70426649926256,9.06165991776971,0.0482762597077425,0.9568212335533236,0.0431787664466765,220.22069324460952,9.119803313507552,0.0414121088220249,0.9629605983206732,0.0370394016793267,29.19712272317247,22.219022927333366,0.2565965354442596,28.806290855636234,9.92202593498086,0.1860910952091217,0,0,none
28,0,Compare the average kinetic energies of the particles in each sample. Which sample has the higher temperature?,c,c,1,4,1.0,184.16101228923588,7.729564133772173,0.0419717726227114,0.9632587522330064,0.0367412477669935,218.2702319834653,7.774200301571507,0.0356173181790562,0.9688213141776042,0.0311786858223957,28.46198659145508,11.621723833768792,0.1735666394233703,30.301744700980308,9.918735937461411,0.241689920425415,0,Compare the average kinetic energies of the particles in each sample. Which sample has the higher temperature?,c,c,1,4,1.0,184.1722229566736,7.729581420676043,0.0419693116398688,0.9632609065280175,0.0367390934719824,218.2014144878612,7.774123856311262,0.0356282010112438,0.9688117875646254,0.0311882124353745,28.45979484100094,11.62066819362488,0.1735405474901199,30.298934501219783,9.92202593498086,0.2416667491197586,0,0,none
29,1,Does this passage describe the weather or the climate?,b,b,1,4,1.0,243.0154294874436,10.661910994642565,0.043873391155163,0.9600772933564392,0.0399227066435607,283.14689574569974,10.72258359956592,0.0378693312929558,0.9655407032784478,0.0344592967215521,31.80286376298822,11.432089338497084,0.2147145867347717,30.011333345370925,9.914945869842311,0.2063752263784408,1,Does this passage describe the weather or the climate?,b,b,1,4,1.0,242.9830009628604,10.661854187360031,0.0438790127091634,0.9600721780087232,0.0399278219912767,283.2096111239944,10.722665422532875,0.0378612342285174,0.9655480712233396,0.0344519287766603,31.79373587127677,11.428290452062685,0.2146805822849273,30.008528614732512,9.919206546000217,0.2064528912305832,1,1,keep
30,0,Identify the question that Rob's experiment can best answer.,b,b,1,4,1.0,165.28809554651676,6.586340987450336,0.0398476427819736,0.9659966781593824,0.0340033218406175,172.84756600729884,6.596150332178401,0.0381616616568373,0.967435382052832,0.0325646179471678,30.728364626233315,15.168372933083583,0.2968564033508301,31.477120547155884,9.918735937461411,0.2431015074253082,0,Identify the question that Rob's experiment can best answer.,b,b,1,4,1.0,165.24364097413653,6.586280737975483,0.0398579981604638,0.9659878415697376,0.0340121584302624,172.85162590068316,6.5961553773741874,0.0381607945138114,0.9674361220148808,0.0325638779851191,30.72974931169392,15.16575486957715,0.2967468798160553,31.477765960583174,9.92202593498086,0.2430925220251083,0,0,none
31,1,"Based on the bubble map, what does the quotation ""Vanity, not love, has been my folly"" show?",b,b,1,4,1.0,180.4834589003224,7.569551430004394,0.0419404164576927,0.9633974547278318,0.0366025452721682,216.8479358796151,7.616300980308189,0.0351227737050558,0.9693473974937694,0.0306526025062305,34.988573068656585,15.67063184898102,0.2491818070411682,33.85561079051219,9.918735937461411,0.2118301689624786,1,"Based on the bubble map, what does the quotation ""Vanity, not love, has been my folly"" show?",b,b,1,4,1.0,180.47022974643585,7.5695311201522175,0.041943378311135,0.9633948698375548,0.0366051301624451,216.79295676181675,7.616241774996231,0.0351314078130496,0.9693398622722476,0.0306601377277524,34.989782668816815,15.668222204755802,0.2491682022809982,33.852511358653274,9.92202593498086,0.2118503302335739,1,1,keep
32,1,Which of these oceans does the prime meridian intersect?,c,c,1,4,1.0,184.9936305732484,8.626930693069307,0.0466336633663366,0.9585478547854784,0.0414521452145214,226.31611320044465,8.69272279649668,0.038409650437915,0.9658580884996312,0.0341419115003688,30.621836090685974,18.677267243163097,0.304339200258255,31.07340326965749,9.918735937461411,0.2120251804590225,1,Which of these oceans does the prime meridian intersect?,c,c,1,4,1.0,185.03537237312847,8.627011365249539,0.0466235793438076,0.95855681836106,0.04144318163894,226.24359106352316,8.692627663053225,0.0384215421183469,0.9658475181170249,0.034152481882975,30.61730992013926,18.67775262728948,0.3043246567249298,31.073143974056418,9.92202593498086,0.2121077626943588,1,1,keep
33,0,What can Rebecca and Damon trade to each get what they want?,a,b,0,4,0.0,99.86388762491208,5.050869187588728,0.0505775341588918,0.959025795111784,0.0409742048882161,136.92416569506426,5.1075124869282815,0.0373017608761839,0.969780851948408,0.030219148051592,30.36971666430908,7.398899917380429,0.1562977433204651,30.74244150484221,9.91789173588767,0.2092399597167968,0,What can Rebecca and Damon trade to each get what they want?,b,b,1,4,1.0,102.58475136329542,5.056364253040204,0.049289628193702,0.9600691619696592,0.0399308380303409,136.94949306482656,5.107541031513881,0.0372950707389341,0.9697862718064332,0.0302137281935669,30.37121552716703,7.40126410219125,0.1563213467597961,30.741466687591373,9.918579861168102,0.209149956703186,0,0,none
34,0,What is the capital of North Carolina?,a,a,1,4,1.0,197.5036235340969,8.968746772194933,0.0454105429141484,0.9594473291185278,0.0405526708814721,240.0444643451173,9.033669692129251,0.0376333181303499,0.9663925717161526,0.0336074282838474,32.31225923338813,9.091052148619609,0.1463789939880371,32.049331809203856,9.918735937461411,0.1794546842575073,0,What is the capital of North Carolina?,a,a,1,4,1.0,197.5732013259182,8.968874857713823,0.0453951993363649,0.959461031290316,0.040538968709684,240.0502297709235,9.033676983834413,0.0376324446448358,0.9663933517590304,0.0336066482409697,32.30978639443364,9.093380315624175,0.1463574916124344,32.049377656173554,9.92202593498086,0.179525077342987,0,0,none
35,1,Which animal's body is better adapted for protection against a predator with sharp teeth?,a,a,1,4,0.75,229.6348508261499,8.909321169477982,0.0387977745426062,0.9654063186740848,0.0345936813259151,237.39072671035996,8.919402076818292,0.0375726642755546,0.9664986770546138,0.0335013229453861,34.226378724943736,10.118871071368352,0.1740511208772659,34.3809054157316,9.918735937461411,0.2367317527532577,1,Which animal's body is better adapted for protection against a predator with sharp teeth?,a,a,1,4,0.75,229.61471233365884,8.909294138153642,0.0388010595993837,0.965403389583212,0.0345966104167879,237.4772490438403,8.91951094706688,0.0375594335161776,0.9665104741403742,0.0334895258596258,34.22938997289253,10.118663596185185,0.1741240173578262,34.376184241064706,9.92202593498086,0.2366537600755691,0,0,none
36,0,What is the capital of Wyoming?,d,d,1,4,1.0,193.52522998736265,8.852182192528632,0.0457417474357565,0.9592147886640932,0.0407852113359067,226.31943828886915,8.90480846304827,0.0393461937267729,0.9649173257173048,0.0350826742826953,33.71504232355761,8.884162023220714,0.1408824324607849,33.04371377094716,9.918735937461411,0.177207201719284,0,What is the capital of Wyoming?,d,d,1,4,1.0,193.49136090976407,8.852118996214342,0.045749427543396,0.95920794076626,0.0407920592337401,226.36246299661596,8.904867842158835,0.0393389775154194,0.9649237599862516,0.0350762400137485,33.7226795662946,8.886657553506998,0.1409506648778915,33.043650745124985,9.92202593498086,0.1772376596927642,0,0,none
37,1,What is the direction of this push?,b,b,1,4,1.0,208.45768652648616,10.133334496843617,0.0486109899121234,0.9559749525324164,0.0440250474675835,250.886901857636,10.209346960348835,0.0406930249636629,0.9631459396555504,0.0368540603444494,28.76987938636568,24.36721875120089,0.2850774228572845,28.902589091495024,9.914945869842311,0.2019944638013839,1,What is the direction of this push?,b,b,1,4,1.0,208.46517743578448,10.133350527596429,0.0486093200420386,0.9559764648675876,0.0440235351324123,250.8408841667872,10.209277935276734,0.0407002150753401,0.9631394278562956,0.0368605721437043,28.770908295828537,24.37363920233261,0.2850711643695831,28.893184523980505,9.919206546000217,0.2019163817167282,1,1,keep
38,0,Which statement describes the Gobi Desert ecosystem?,b,b,1,4,1.0,221.3679356092761,8.113942294875864,0.0366536475688932,0.9677178883796904,0.0322821116203096,218.33839407957072,8.110309455812244,0.0371455945254252,0.9672846139959558,0.0327153860040442,31.37433134782695,9.21221454603295,0.1928237527608871,30.529401552945675,9.918735937461411,0.1885519921779632,0,Which statement describes the Gobi Desert ecosystem?,b,b,1,4,1.0,221.38987772790597,8.113968255554278,0.036650132060358,0.9677209846073912,0.0322790153926089,218.32761651582453,8.110296357941522,0.0371473681954187,0.9672830518645852,0.0327169481354146,31.377338541782883,9.213767505627638,0.1929146647453308,30.530413319649583,9.92202593498086,0.1885559260845184,0,0,none
39,0,What is the capital of Wisconsin?,d,d,1,4,1.0,208.840129441075,9.101432704701892,0.0435808612504709,0.961020844595852,0.0389791554041479,237.2735273624241,9.144145206975509,0.0385384130653912,0.9655308603638736,0.0344691396361263,31.635801443063592,8.823521849535778,0.1397424936294555,31.41431615932871,9.918735937461411,0.1754543483257293,0,What is the capital of Wisconsin?,d,d,1,4,1.0,208.8800081101072,9.101500435968672,0.0435728651981427,0.9610279963445184,0.0389720036554817,237.2433547127563,9.144105121130108,0.03854314542214,0.965526627696968,0.034473372303032,31.639942581071196,8.820310097230136,0.1397836506366729,31.411275465308957,9.92202593498086,0.1754783689975738,0,0,none
40,0,Which of the following could Kenneth's test show?,c,c,1,4,1.0,121.3842815515923,5.239516395297864,0.0431647024501347,0.9647834722219863,0.0352165277780136,134.04756669995055,5.257005695517486,0.0392174645533452,0.9680038816108684,0.0319961183891314,31.374810085783437,15.48647939554948,0.3025187253952026,32.055590527125425,9.91789173588767,0.2644578218460083,0,Which of the following could Kenneth's test show?,c,c,1,4,1.0,121.4259641623571,5.239579736505631,0.0431504066914375,0.964795135617184,0.0352048643828159,134.00991246708475,5.256958433884996,0.0392281312412333,0.9679951790439796,0.0320048209560204,31.37377781617092,15.489773245643772,0.3025671541690826,32.05406203389869,9.918579861168102,0.2644715309143066,0,0,none
41,0,What is the expected ratio of offspring with fuzzy leaves to offspring with smooth leaves? Choose the most likely ratio.,d,d,1,4,0.75,149.71698818376626,6.457011921545024,0.0431281179235287,0.9633060621507348,0.0366939378492651,172.93418116675528,6.48897874940036,0.0375228234558397,0.96807511623255,0.03192488376745,26.73165964780015,8.797667566715056,0.1836900562047958,27.6401563940728,9.918735937461411,0.2604413628578186,0,What is the expected ratio of offspring with fuzzy leaves to offspring with smooth leaves? Choose the most likely ratio.,d,d,1,4,0.75,149.70235760956848,6.456988765889355,0.0431321782034289,0.963302607614217,0.0366973923857829,172.9540296670225,6.4890025235110365,0.0375186547315717,0.9680786630348812,0.0319213369651186,26.73136010323587,8.796920878649196,0.18373604118824,27.641738021758368,9.92202593498086,0.2604916095733642,0,0,none
42,0,Which of the following could Emilio's test show?,c,c,1,4,1.0,121.5418843973874,6.205627313441723,0.0510575209871858,0.9568147840108384,0.0431852159891616,163.2141152151665,6.274814395563428,0.0384452924754166,0.967482395791718,0.0325176042082819,32.01503374232508,17.55916487709157,0.2703702747821808,31.736019485867597,9.918735937461411,0.2690479457378387,0,Which of the following could Emilio's test show?,c,c,1,4,1.0,121.5504571207054,6.205646214421591,0.051054075496064,0.9568176982588356,0.0431823017411643,163.21496565623815,6.274815458735958,0.0384450986679243,0.967482559716998,0.032517440283002,32.01369799889147,17.559889144615443,0.2703743577003479,31.733174625675066,9.92202593498086,0.2690595388412475,0,0,none
43,0,Identify the question that Tim's experiment can best answer.,b,b,1,4,1.0,127.75417826451609,6.57505432120194,0.0514664522955033,0.9560168004121516,0.0439831995878485,177.0385655043816,6.656558153372137,0.0375994808498795,0.9678675059799248,0.032132494020075,29.245737962769145,6.967267736387248,0.2113565057516098,29.748171495612095,9.918735937461411,0.2379570454359054,0,Identify the question that Tim's experiment can best answer.,b,b,1,4,1.0,127.7299733947472,6.574999519698493,0.0514757761624092,0.9560088322410272,0.0439911677589728,177.0276174280214,6.656544925496709,0.0376017314259072,0.9678655826389874,0.0321344173610126,29.24543813703259,6.968112470200817,0.2114691138267517,29.743980113496875,9.92202593498086,0.238015741109848,0,0,none
44,0,Think about the magnetic force between the magnets in each pair. Which of the following statements is true?,b,b,1,4,1.0,135.22412249419548,6.281198445429103,0.0464502806864117,0.9606538798891572,0.0393461201108428,164.23006007256288,6.325153338520615,0.0385139805448888,0.9673763929502118,0.0326236070497882,27.37283885306952,5.627628868538252,0.10285285115242,27.872234015242302,9.918735937461411,0.1748689711093902,0,Think about the magnetic force between the magnets in each pair. Which of the following statements is true?,b,b,1,4,1.0,135.2440184852141,6.281234802965834,0.0464437161311688,0.9606594404535982,0.0393405595464018,164.26923791965098,6.325202552755697,0.0385050946413323,0.9673839198332244,0.0326160801667756,27.376069509408204,5.627852271230275,0.1028885170817375,27.869688997463548,9.92202593498086,0.1748906224966049,0,0,none
45,1,Which of these states is farthest west?,c,d,0,4,1.0,179.27409670963436,9.043298092243043,0.0504439752213072,0.9548824072554768,0.0451175927445232,235.48872403048367,9.141756953790088,0.0388203596220033,0.9652786845616864,0.0347213154383135,30.432573012852888,9.472641868972213,0.173864334821701,29.934427150622927,9.918735937461411,0.1755978018045425,1,Which of these states is farthest west?,c,d,0,4,1.0,179.34502518150055,9.04345945815048,0.0504249250794569,0.954899445891666,0.0451005541083341,235.4479035557318,9.14170192291102,0.0388268563230045,0.9652728738477476,0.0347271261522524,30.432776172873854,9.471126567673846,0.1738432049751281,29.93138697556697,9.92202593498086,0.1756249368190765,0,0,none
46,0,What is the capital of Colorado?,c,c,1,4,1.0,181.5975474603837,9.04852141702616,0.0498273327121894,0.955433938443756,0.044566061556244,240.66280042590435,9.148586219754192,0.0380141268345744,0.9659997871790142,0.0340002128209857,31.577950148130924,8.810320552062617,0.1493321657180786,31.48461866569668,9.918735937461411,0.1976345777511596,0,What is the capital of Colorado?,c,c,1,4,1.0,181.55906096476463,9.048435936298176,0.0498374241870209,0.9554249125283788,0.0445750874716212,240.6364167383365,9.148552115532294,0.0380181530274374,0.9659961861121056,0.0340038138878943,31.573350404696782,8.814018285452814,0.1493696272373199,31.48461866569668,9.92202593498086,0.1976628601551056,0,0,none
47,1,Which trait did Ichthyornis have? Select the trait you can observe in the drawing.,b,b,1,4,1.0,215.37730067013197,9.112213386733046,0.0423081418440151,0.9621591774811292,0.0378408225188707,239.1396179052085,9.14660541351303,0.038247972015823,0.9657906337249782,0.0342093662750218,34.09058556803007,18.470121725123988,0.2736175954341888,33.122771746805554,9.918735937461411,0.2025539427995681,1,Which trait did Ichthyornis have? Select the trait you can observe in the drawing.,b,b,1,4,1.0,215.39078765854777,9.112234977761924,0.0423055929031062,0.9621614572792092,0.0378385427207906,239.1114427730101,9.146568543879168,0.0382523246809315,0.9657867406580488,0.0342132593419512,34.08755402262342,18.466850125114437,0.2736105322837829,33.12726549250584,9.92202593498086,0.2027040719985962,1,1,keep
48,0,Is perfume a mineral?,b,b,1,4,1.0,253.50643033437737,11.195595063020544,0.0441629628418239,0.9596224339731896,0.0403775660268104,294.47920229699247,11.258847138035703,0.0382330808091525,0.9650440404030604,0.0349559595969395,30.52889932149557,8.254427487353372,0.1601997762918472,28.853704987000345,9.914945869842311,0.1865142881870269,0,Is perfume a mineral?,b,b,1,4,1.0,253.46133218148773,11.195514630581364,0.0441705033829971,0.959615539764117,0.0403844602358831,294.510224615406,11.258888594343944,0.0382291942802551,0.9650475938009097,0.0349524061990904,30.52542759961871,8.252111465884676,0.1601215004920959,28.851159773307263,9.919206546000217,0.1865289509296417,0,0,none
49,1,What is the probability that a rabbit produced by this cross will have black fur?,b,b,1,4,1.0,139.1892289411189,7.010849908099892,0.0503691985467186,0.9565027610750976,0.0434972389249024,186.310962023566,7.088836419164327,0.0380484129445248,0.9671425999159724,0.0328574000840274,26.118267992982528,10.429706580641218,0.1567749679088592,26.64585338016237,9.918735937461411,0.2938081920146942,1,What is the probability that a rabbit produced by this cross will have black fur?,b,b,1,4,1.0,139.16990130508978,7.010807557150006,0.0503758894085929,0.956496983059446,0.043503016940554,186.23338835669196,7.0887393996753705,0.038063740676287,0.967129363374001,0.0328706366259989,26.119270572159905,10.426357619974947,0.1567838340997696,26.64405557959404,9.92202593498086,0.2936796844005584,1,1,keep
50,1,Which of these states is farthest west?,d,d,1,4,1.0,211.38697632054055,9.464766649236669,0.0447745968743343,0.9597657288617526,0.0402342711382474,242.48136931564417,9.513852492836554,0.0392353957736527,0.9647432325029268,0.0352567674970732,29.9126103923837,9.92959872844571,0.1408810168504715,29.873767748285683,9.918735937461411,0.1832529604434967,1,Which of these states is farthest west?,d,d,1,4,1.0,211.3823403637025,9.464758297508547,0.0447755393436536,0.9597648819626452,0.0402351180373549,242.4950000437122,9.513871347380466,0.0392332680907461,0.9647451444301564,0.0352548555698436,29.91727490226465,9.927458828719535,0.1409635841846466,29.87059842115531,9.92202593498086,0.1832661777734756,1,1,keep
51,1,"During this time, thermal energy was transferred from () to ().",b,b,1,4,1.0,163.09781621185098,8.021427464408614,0.0491816975280001,0.9566840095166236,0.0433159904833762,209.2658746671448,8.098822540350316,0.0387011143275614,0.965914614904166,0.0340853850958339,29.10562303481596,8.028923742711505,0.1600276827812194,29.313200088424324,9.918735937461411,0.1894209533929824,1,"During this time, thermal energy was transferred from () to ().",b,b,1,4,1.0,163.15710207718843,8.021553720379586,0.0491646003652641,0.9566990675682076,0.0433009324317923,209.2348916467901,8.098781663489167,0.038706649735842,0.9659097396821942,0.0340902603178058,29.1104115603711,8.026594444990437,0.1601265221834182,29.311194368142427,9.92202593498086,0.189507707953453,1,1,keep
52,0,Which ocean is highlighted?,b,a,0,4,0.25,207.0765850731438,8.985592178344213,0.0433926036358495,0.9612493958228692,0.0387506041771307,225.7534806103129,9.014491653390378,0.0399306873542776,0.964340967571994,0.035659032428006,29.65105649322032,17.921995665924204,0.2412708550691604,29.11822062843337,9.918735937461411,0.167416363954544,0,Which ocean is highlighted?,b,a,0,4,0.25,207.06808859721085,8.985577891044729,0.0433943151352668,0.9612478674140872,0.0387521325859127,225.7956559772695,9.014551695642808,0.0399234947927886,0.9643473906966724,0.0356526093033275,29.65223003066082,17.925328866504646,0.2413307875394821,29.11493015241628,9.92202593498086,0.1673608571290969,0,0,none
53,0,Which better describes the Monongahela National Forest ecosystem?,b,b,1,4,1.0,168.75583871988306,6.877916906571961,0.0407566159413813,0.9649614764444244,0.0350385235555755,183.35105773320444,6.8971541538296375,0.0376172040625243,0.9676604335223672,0.0323395664776328,27.63611047515549,18.805717534963183,0.3337962329387665,27.047944085028448,9.918735937461411,0.351266473531723,0,Which better describes the Monongahela National Forest ecosystem?,b,b,1,4,1.0,168.85833503187993,6.878063190864399,0.0407327431575458,0.9649819999123188,0.0350180000876812,183.31152119018844,6.89710604663533,0.0376250548893731,0.9676536841548076,0.0323463158451924,27.631142844186137,18.8037941550054,0.3339665830135345,27.05561271474677,9.92202593498086,0.3512072563171386,0,0,none
54,0,Select the reptile below.,c,a,0,4,0.5,192.55589338279773,7.904439258335874,0.0410501030089065,0.9639560071141308,0.0360439928858691,201.28766403279775,7.916817777810047,0.039330864193049,0.9654655826597618,0.0345344173402381,32.88931556081638,14.865754346460813,0.188762828707695,31.68410313874749,9.918735937461411,0.2093248218297958,0,Select the reptile below.,c,a,0,4,0.5,192.5729725370004,7.904464526656302,0.041046593519958,0.9639590886166222,0.0360409113833778,201.3433997181973,7.916893461601853,0.0393203525552982,0.9654748123904698,0.0345251876095301,32.888256985628104,14.86585713070497,0.188780277967453,31.68462437447556,9.92202593498086,0.2093078196048736,0,0,none
55,0,Select the amphibian below.,a,a,1,4,0.75,215.2621812710936,9.864585104583837,0.0458259088816011,0.9586273926084604,0.0413726073915395,253.32247633006705,9.926286948605789,0.0391843909486827,0.964623496572976,0.0353765034270239,31.86100556283257,8.26542416737643,0.2016796618700027,31.368482358319262,9.914945869842311,0.1928318440914154,0,Select the amphibian below.,a,a,1,4,0.75,215.2742851927587,9.864608051623938,0.0458234388877012,0.9586296225716052,0.0413703774283948,253.3990027809361,9.926392999184246,0.0391729757822513,0.9646338024285632,0.0353661975714369,31.853349457129333,8.267081633946846,0.2016705274581909,31.36435431636112,9.919206546000217,0.1928156614303589,0,0,none
56,0,Think about the magnetic force between the magnets in each pair. Which of the following statements is true?,b,b,1,4,1.0,134.30789292011428,6.002345636809651,0.0446909374148235,0.9624752478849294,0.0375247521150705,160.32921302099382,6.039125367226464,0.0376670305643905,0.9683728722957886,0.0316271277042113,27.741404500032115,5.423855909358268,0.0983766093850135,28.561014970374902,9.918735937461411,0.1923666298389434,0,Think about the magnetic force between the magnets in each pair. Which of the following statements is true?,b,b,1,4,1.0,134.2957338264909,6.002325244033954,0.0446948318685157,0.9624719779063192,0.0375280220936808,160.3040679018735,6.039095407296274,0.0376727520788366,0.96836806822535,0.03163193177465,27.74321681337832,5.421219175087348,0.0983613952994346,28.55793044404496,9.92202593498086,0.1924172043800354,0,0,none
57,0,Which continent is highlighted?,d,d,1,4,0.75,190.66286121219312,9.423554924137704,0.0494252255747384,0.955586692775274,0.044413307224726,226.55705338462877,9.490334124270284,0.0418893783375546,0.9623583745359884,0.0376416254640116,31.48355275817766,23.0267650689473,0.2298589944839477,30.58470477542412,9.918735937461411,0.1789424419403076,0,Which continent is highlighted?,d,d,1,4,0.75,190.65085191153503,9.42352856048192,0.049428200640061,0.9555840193936423,0.0444159806063575,226.5081133208473,9.490256940301135,0.0418980883340732,0.962350547768446,0.0376494522315541,31.48274209211203,23.023169394073477,0.2298498302698135,30.583618292406182,9.92202593498086,0.1789149045944214,0,0,none
58,0,What is the capital of Idaho?,c,c,1,4,1.0,197.441216406444,8.968631813444459,0.045424314014466,0.9594350312056862,0.0405649687943138,232.76147501112573,9.02418022962278,0.0387700766597712,0.9653774199131344,0.0346225800868655,32.035313354413795,8.941734786544467,0.145984262228012,31.980673257649897,9.918735937461411,0.167781263589859,0,What is the capital of Idaho?,c,c,1,4,1.0,197.45925663098933,8.968665052095675,0.045420332301039,0.9594385869683744,0.0405614130316255,232.78471907211627,9.024211427585056,0.0387663394038737,0.965380757369564,0.034619242630436,32.03660417096647,8.941206097000524,0.1460238844156265,31.976601880744724,9.92202593498086,0.1677484959363937,0,0,none
59,0,Is gneiss a mineral or a rock?,b,b,1,4,1.0,259.6438453673816,10.372694427966158,0.0399497026909664,0.9637621594488242,0.0362378405511758,279.6134291522697,10.399609175834469,0.0371928101141777,0.9662628998019428,0.0337371001980573,30.49622836795128,8.409276177888122,0.2270066738128662,30.658508121519088,9.914945869842311,0.2077473253011703,0,Is gneiss a mineral or a rock?,b,b,1,4,1.0,259.6191934644347,10.372658736363269,0.0399533586016791,0.963758843221154,0.0362411567788459,279.5940567361342,10.399584866133964,0.0371953001703056,0.9662606411053606,0.0337393588946394,30.491168264062942,8.410892304873123,0.2269919961690902,30.661475945681552,9.919206546000217,0.2077985554933548,0,0,none
60,0,"Is the following statement about our solar system true or false?
75% of the planets are made mainly of rock.",a,b,0,4,0.25,218.2797073317882,8.580250639806886,0.0393085126633635,0.9651129379135632,0.0348870620864366,239.86926172839915,8.607277730245736,0.0358832043264953,0.9681529650353446,0.0318470349646553,29.657525665752907,20.437416499057008,0.278465211391449,30.205191713479856,9.918735937461411,0.2163483202457428,0,"Is the following statement about our solar system true or false?
75% of the planets are made mainly of rock.",a,b,0,4,0.25,218.29329936252125,8.580269278233954,0.0393061505015994,0.9651150343776252,0.0348849656223748,239.8664276059372,8.60727449144818,0.0358836147991021,0.9681526007330002,0.0318473992669997,29.662539361231826,20.43310952168143,0.2783599197864532,30.20422673072338,9.92202593498086,0.2163573950529098,0,0,none
61,0,Which better describes the Kibale National Forest ecosystem?,a,a,1,4,0.75,176.16373436934154,6.949228065270566,0.0394475519615231,0.966036188445684,0.0339638115543159,193.96002654379032,6.970951363657196,0.035940144409515,0.969056019163108,0.0309439808368918,29.026580658927763,14.422409148881458,0.1945920586585998,27.972364777139507,9.918735937461411,0.2722735106945038,0,Which better describes the Kibale National Forest ecosystem?,a,a,1,4,0.75,176.1944645764427,6.94926923033381,0.03944090551902,0.9660419109432652,0.0339580890567347,193.8902425628276,6.97087372765094,0.0359526793896919,0.969045226713808,0.0309547732861921,29.02765335254639,14.423114073018969,0.1945948153734207,27.978047454296107,9.92202593498086,0.2722778916358948,0,0,none
62,0,Select the amphibian below.,a,b,0,4,0.5,223.59242611152587,10.466171209046257,0.0468091490890922,0.9574730759064398,0.0425269240935601,258.1757061167908,10.526134254820516,0.0407712035076561,0.9629586542264827,0.0370413457735173,30.766807314179623,11.636662685284044,0.2289953678846359,29.914207940785467,9.914945869842311,0.2645488977432251,0,Select the amphibian below.,a,b,0,4,0.5,223.48714062860452,10.465961528055296,0.0468302627999874,0.9574538937337652,0.0425461062662346,258.120752702992,10.526051246048194,0.0407795620298692,0.9629510603640304,0.0370489396359695,30.76830376778173,11.635980203738946,0.2290636003017425,29.910228492052106,9.919206546000217,0.2645756900310516,0,0,none
63,0,Think about the magnetic force between the magnets in each pair. Which of the following statements is true?,c,c,1,4,1.0,133.1518576423235,6.181686034332036,0.0464258339597293,0.960789911494422,0.0392100885055778,162.77216356946838,6.226110689310263,0.0382504634255418,0.9676946232652316,0.0323053767347684,27.69913317084044,5.423855909358268,0.1243287697434425,28.49444831642897,9.918735937461411,0.1855203956365585,0,Think about the magnetic force between the magnets in each pair. Which of the following statements is true?,c,c,1,4,1.0,133.1849962525654,6.181746344146385,0.0464147352786167,0.9607992851605818,0.0392007148394182,162.78963571127508,6.226132277317142,0.0382464906326091,0.9676979785859487,0.0323020214140511,27.70168242749969,5.421219175087348,0.1242423355579376,28.491146815249877,9.92202593498086,0.1855278015136718,0,0,none
64,0,Think about the magnetic force between the magnets in each pair. Which of the following statements is true?,c,c,1,4,1.0,121.85525518909716,6.159297144419114,0.050546011617316,0.9573101133554632,0.0426898866445367,162.64511237982046,6.225953574036338,0.0382793770002571,0.9676702035892256,0.0323297964107743,27.53602789783908,5.348682129877157,0.1186231598258018,28.49818504465655,9.918735937461411,0.1815944612026214,0,Think about the magnetic force between the magnets in each pair. Which of the following statements is true?,c,c,1,4,1.0,121.87038041803814,6.159329777813469,0.0505400061662712,0.9573151854079586,0.0426848145920414,162.66755348128984,6.225981342638547,0.0382742668061007,0.9676745195303312,0.0323254804696686,27.53797780176664,5.3466415213165925,0.1185709685087204,28.49764149009748,9.92202593498086,0.1816346794366836,0,0,none
65,0,What is the capital of Alaska?,d,d,1,4,1.0,182.1463428158197,8.724110040967721,0.0478961581446038,0.9573598344802292,0.0426401655197709,227.31464344249736,8.798659021234402,0.0387069609242316,0.965540634478582,0.034459365521418,31.891176974558764,9.910212093911106,0.1637622117996215,31.46925657224158,9.918735937461411,0.2161263823509216,0,What is the capital of Alaska?,d,d,1,4,1.0,182.0905565569546,8.723996075268916,0.0479102059998383,0.95734732819798,0.0426526718020199,227.28538214410267,8.798619987156401,0.0387117724164853,0.9655363509862512,0.0344636490137489,31.884995969505106,9.91062795168483,0.163674384355545,31.465827954096586,9.92202593498086,0.2162592262029647,0,0,none
66,0,What is the capital of Arizona?,b,b,1,4,1.0,199.67967635562957,9.319932365749072,0.0466744164245853,0.9581238880676618,0.0418761119323382,249.36038262131083,9.39834354284966,0.0376898023818097,0.9661848501994978,0.0338151498005021,32.05835728522089,9.15405254177531,0.1819207221269607,31.82891995310321,9.918735937461411,0.190908133983612,0,What is the capital of Arizona?,b,b,1,4,1.0,199.72481059837688,9.320020563470411,0.0466643104356818,0.9581329551231266,0.0418670448768734,249.36310274779544,9.3983470095771,0.0376894051526241,0.9661852065920382,0.0338147934079618,32.053129688819546,9.152328532141574,0.1818516105413437,31.824367115233574,9.92202593498086,0.1908406317234039,0,0,none
67,0,What is the capital of Colorado?,b,b,1,4,1.0,196.49698962605828,9.079202172560516,0.0462052990727166,0.958673521326266,0.0413264786737341,252.82573655016807,9.163574911042184,0.0362446285575197,0.967582444023088,0.032417555976912,31.35961372106092,8.733004680970664,0.139402225613594,31.08373240249209,9.918735937461411,0.1736714541912078,0,What is the capital of Colorado?,b,b,1,4,1.0,196.46753790204244,9.079145926343571,0.0462119392511061,0.9586675822847248,0.041332417715275,252.8295085204273,9.163579342900968,0.0362441053519692,0.967582911983332,0.0324170880166681,31.358716528150083,8.732292628187125,0.1393773555755615,31.081864901886988,9.92202593498086,0.1736870259046554,0,0,none
68,1,Which property do these three objects have in common?,a,b,0,4,0.0,208.71399904443385,9.459892194827688,0.0453246655142367,0.959271439413104,0.040728560586896,228.41150225310764,9.493235336566247,0.0415619845888784,0.9626525692305866,0.0373474307694134,33.56420458306913,8.356566109442976,0.2044810354709625,33.461747403893426,9.918735937461411,0.1881492733955383,1,Which property do these three objects have in common?,a,b,0,4,0.0,208.63574990361488,9.459747694289224,0.045340971998612,0.959256786472386,0.0407432135276139,228.4600073878101,9.493310612465129,0.0415534899127892,0.9626602025120644,0.0373397974879354,33.56604516942615,8.356717530221797,0.2045312225818634,33.45432877727582,9.92202593498086,0.1880851835012436,0,0,none
69,0,Is malachite a mineral?,a,a,1,4,0.5,245.29648253916537,11.002964927642738,0.0448557794785579,0.9590539952778931,0.0409460047221067,302.3420716971373,11.088631813697448,0.0366757816781952,0.9665209980243415,0.0334790019756583,29.725023439145936,7.244599676075997,0.1887251585721969,28.537885739160497,9.914945869842311,0.2074771076440811,0,Is malachite a mineral?,a,a,1,4,0.5,245.2946497144321,11.002961561333652,0.0448561009143212,0.9590537018595102,0.0409462981404897,302.4635932116246,11.08878096820216,0.0366615394945853,0.9665339988131836,0.0334660011868163,29.72045976289513,7.2443526839424655,0.1887147426605224,28.54170982209028,9.919206546000217,0.2075458168983459,0,0,none
70,0,"Is the following statement about our solar system true or false?
75% of the planets are made mainly of rock.",b,b,1,4,1.0,218.88058040943696,8.581072468844082,0.039204357247191,0.9652053778514916,0.0347946221485085,241.3638375585099,8.608975450877464,0.0356680418158769,0.9683439259076346,0.0316560740923653,29.822003863994716,22.53628886033849,0.3368231952190399,30.267325078015908,9.918735937461411,0.2146916687488556,0,"Is the following statement about our solar system true or false?
75% of the planets are made mainly of rock.",b,b,1,4,1.0,218.9038384479748,8.581104191899415,0.0392003367905255,0.9652089460842176,0.0347910539157823,241.3406588002567,8.608949277071725,0.0356713589822295,0.9683409818586068,0.0316590181413932,29.81738975324113,22.540824187687697,0.3368543982505798,30.268270427114413,9.92202593498086,0.2147251963615417,0,0,none
71,1,Which property do these three objects have in common?,a,a,1,4,0.5,245.71352377044977,9.64666187068611,0.0392597921459878,0.964666187068611,0.035333812931389,250.2411043542394,9.652832832107444,0.0385741297658396,0.9652832832107444,0.0347167167892556,32.12044277067808,7.857972980882939,0.2164788693189621,32.369055598482035,9.914945869842311,0.2000992596149444,1,Which property do these three objects have in common?,a,a,1,4,0.5,245.6742786817995,9.646607421582411,0.0392658420463984,0.9646607421582414,0.0353392578417586,250.17305659117469,9.65274168085316,0.0385842576829821,0.965274168085316,0.0347258319146839,32.11598605968154,7.85806290876164,0.2164532989263534,32.37302257704875,9.919206546000217,0.2001168131828308,0,0,none
72,1,Does this passage describe the weather or the climate?,b,b,1,4,1.0,278.23270884048543,10.71606153498525,0.0385147439337512,0.9649534083636008,0.0350465916363992,276.5272280438802,10.71374576160207,0.0387439090081284,0.9647448790068216,0.0352551209931784,30.48978705975473,13.790271172161468,0.1980143785476684,29.97400612354681,9.914945869842311,0.2100841701030731,1,Does this passage describe the weather or the climate?,b,b,1,4,1.0,278.2217878586525,10.716046793170918,0.0385162027591278,0.9649520809016466,0.0350479190983533,276.5925283278237,10.71383493632858,0.0387350844258175,0.9647529089584976,0.0352470910415022,30.480483734815557,13.7906229773327,0.1980247646570205,29.96908983112686,9.919206546000217,0.2100788056850433,1,1,keep
73,0,Which solution has a higher concentration of yellow particles?,b,b,1,4,1.0,153.4257359152774,8.758816180898698,0.0570883113491166,0.9490977285803542,0.0509022714196457,225.5154650574817,8.903694865621322,0.0394815267474089,0.9647966572654684,0.0352033427345317,31.881020384222087,11.52723114632017,0.2614843845367431,32.2606693063116,9.918735937461411,0.2034295052289962,0,Which solution has a higher concentration of yellow particles?,b,b,1,4,1.0,153.43669411368575,8.75884802243986,0.057084441717378,0.949101178902152,0.0508988210978479,225.54445910984668,8.903735158926569,0.0394766299915627,0.9648010234130958,0.0351989765869042,31.88122561262731,11.52964441162783,0.2617286741733551,32.25919256386793,9.92202593498086,0.2034792304039001,0,0,none
74,1,Which of these states is farthest west?,d,d,1,4,1.0,183.1522794374247,9.284846418550655,0.0506946812077372,0.9545169215332452,0.0454830784667549,238.59485527832464,9.384025793939088,0.0393303777778128,0.964712932087196,0.035287067912804,30.19591763269953,9.70699903772626,0.1570506244897842,29.740682740655178,9.918735937461411,0.1772520095109939,1,Which of these states is farthest west?,d,d,1,4,1.0,183.145434743359,9.2848306358332,0.0506964896441125,0.9545152990108896,0.0454847009891103,238.6107257532508,9.384047818423326,0.0393278541389939,0.96471519628651,0.0352848037134898,30.2010439464504,9.705772520893865,0.1569967567920684,29.7381798178257,9.92202593498086,0.1772712171077728,1,1,keep
75,0,Which solution has a higher concentration of yellow particles?,c,b,0,4,0.75,175.05947277168596,8.814262030950792,0.0503501004052858,0.9551057928274852,0.0448942071725149,228.59436349498048,8.907918535690987,0.0389682335097758,0.9652543304928314,0.0347456695071685,32.447559265002795,11.056046430410056,0.2088054567575454,32.7250962172839,9.918735937461411,0.1961632817983627,0,Which solution has a higher concentration of yellow particles?,c,b,0,4,0.75,175.1884701335435,8.814553415103706,0.0503146891367023,0.955137366961702,0.044862633038298,228.6222481339093,8.90795628641592,0.0389636457480652,0.96525842112866,0.0347415788713399,32.44444176608099,11.057085050142543,0.2087271362543106,32.720235763469745,9.92202593498086,0.1962095350027084,0,0,none
76,0,What is the capital of Oregon?,c,c,1,4,1.0,204.11666556548056,9.328423868036216,0.0457014317875169,0.9589968462467138,0.0410031537532862,246.85872660886764,9.395124009408796,0.0380587072552423,0.9658538701261378,0.0341461298738622,32.79078696225094,9.808769145535331,0.1586814224720001,32.41233272457449,9.918735937461411,0.1802616715431213,0,What is the capital of Oregon?,c,c,1,4,1.0,204.16231340877928,9.328509389317723,0.0456916324740106,0.9590056381541586,0.0409943618458413,246.80816315473248,9.395058286287444,0.0380662380295637,0.965847113543569,0.034152886456431,32.793679724990426,9.80747832725066,0.1586692929267883,32.40676153006373,9.92202593498086,0.1802058219909668,0,0,none
77,0,What is the capital of Oregon?,c,c,1,4,1.0,217.68375794376664,9.352323848978832,0.0429628923045089,0.9614538536333378,0.0385461463666622,245.7683681952456,9.39370095497932,0.0382217655752862,0.965707574810958,0.0342924251890418,32.26539225936061,9.993221993471842,0.1939208656549453,31.95988722231644,9.918735937461411,0.1915714889764785,0,What is the capital of Oregon?,c,c,1,4,1.0,217.60364863390444,9.352191136684404,0.0429780989215787,0.96144021031335,0.03855978968665,245.75139542510644,9.393678706996583,0.0382243148233082,0.9657052876351628,0.0342947123648373,32.27131615821748,9.99298135682053,0.1938239485025406,31.957936605134808,9.92202593498086,0.1915649771690368,0,0,none
78,1,Which of these states is farthest north?,d,d,1,4,0.75,185.23432609495768,9.41130526070987,0.0508075660657264,0.9543445272170696,0.0456554727829304,247.89337513172495,9.52118118796628,0.0384083728857495,0.9654863919154576,0.0345136080845424,30.25292478461251,9.341374832162916,0.1398762762546539,29.78086467212623,9.918735937461411,0.1803759634494781,1,Which of these states is farthest north?,d,d,1,4,0.75,185.31088544604896,9.41148278108584,0.0507875333844102,0.9543625285032444,0.0456374714967555,247.8790523860152,9.52116220051025,0.0384105155674195,0.9654844665104,0.0345155334896001,30.250566271547488,9.340646580109809,0.1398923397064209,29.78085757181564,9.92202593498086,0.1804235428571701,0,0,none
79,0,Which better describes the Kaeng Krachan National Park ecosystem?,a,a,1,4,0.25,170.4918991065083,6.880371721632209,0.0403560037614101,0.9653058833334742,0.0346941166665257,191.2584876442263,6.906388365467548,0.0361102320243931,0.9689559796327604,0.0310440203672395,28.045714518996625,21.850931145657363,0.3280029296875,27.577820185721016,9.918735937461411,0.2845605611801147,0,Which better describes the Kaeng Krachan National Park ecosystem?,a,a,1,4,0.25,170.4626984464395,6.880330830563124,0.0403626769567124,0.9653001463775128,0.0346998536224871,191.24055027146127,6.906368255723628,0.0361135138228801,0.968953158265703,0.0310468417342969,28.041341810823184,21.847894120314297,0.3280292749404907,27.581331493789897,9.92202593498086,0.2846165597438812,0,0,none
80,1,Which animal's feet are also adapted for swimming?,a,b,0,4,0.0,221.7331763969177,9.358912072305314,0.0422079917150161,0.9621311476201724,0.0378688523798275,254.64188679420863,9.404939762632091,0.0369339855317392,0.9668629662518976,0.0331370337481025,34.22930020286251,16.548329214141113,0.2234160900115966,34.23482557883116,9.918735937461411,0.1931949406862259,1,Which animal's feet are also adapted for swimming?,a,b,0,4,0.0,221.71448051078423,9.358882186970888,0.0422114160762524,0.9621280752960726,0.0378719247039274,254.56166873220343,9.404841555219354,0.0369452384644491,0.9668528701627372,0.0331471298372627,34.23041010340869,16.547323160293693,0.2234154045581817,34.2424989240111,9.92202593498086,0.1932307928800583,0,0,none
81,1,What evidence of a wildfire does this picture show?,a,a,1,4,0.0,223.24773110888236,8.688645593819475,0.0389193007725657,0.9654050659799416,0.0345949340200584,212.344420225953,8.673238832523342,0.0408451459345824,0.9636932036137046,0.0363067963862954,31.25910118405136,11.76796099315754,0.1794318109750747,30.77916257167831,9.918735937461411,0.2164016515016555,1,What evidence of a wildfire does this picture show?,a,a,1,4,0.0,223.253192426244,8.688652946821637,0.0389183816472953,0.965405882980182,0.0345941170198181,212.3131675439705,8.67319247958418,0.0408509400519774,0.9636880532871313,0.0363119467128688,31.259824109208093,11.766381489764605,0.1794261038303375,30.770651292616574,9.92202593498086,0.2165152579545974,0,0,none
82,0,Is granodiorite a mineral?,a,b,0,4,0.0,254.28138326598256,10.846953632075644,0.0426572857704236,0.9611224737282216,0.0388775262717785,291.43470177770985,10.900981843118622,0.037404543030134,0.9659097835674728,0.0340902164325272,29.91800246019687,7.6619265953489695,0.2043560445308685,29.9282400773562,9.914945869842311,0.2317355871200561,0,Is granodiorite a mineral?,a,b,0,4,0.0,254.29150349054996,10.84697041491274,0.0426556541057056,0.961123960815053,0.0388760391849469,291.4028586661251,10.900941234758882,0.0374084910651087,0.965906185358382,0.034093814641618,29.91901536442726,7.662229841128022,0.2045649737119674,29.92363806694792,9.919206546000217,0.2316963970661163,0,0,none
83,0,Select the organism in the same species as the black-headed gull.,a,a,1,4,1.0,186.23030756192568,7.088735544986789,0.0380643496635456,0.9671288374719604,0.0328711625280394,193.3937913655639,7.097377155807892,0.0366990951761839,0.9683078278538502,0.0316921721461498,32.06422788321185,11.993641914685217,0.1697882264852523,32.835301187293155,9.918735937461411,0.3021981120109558,0,Select the organism in the same species as the black-headed gull.,a,a,1,4,1.0,186.20804566264192,7.088707687245344,0.0380687507997809,0.967125036790594,0.032874963209406,193.4145190101548,7.097401261091577,0.0366952868761571,0.96831111658071,0.0316888834192901,32.06080323708289,11.989356279462976,0.1697389334440231,32.84436789494168,9.92202593498086,0.302140861749649,0,0,none
84,0,Identify the question that Cooper's experiment can best answer.,b,b,1,4,1.0,128.7593431398828,6.577312684771991,0.0510822168269875,0.956345167815512,0.0436548321844879,178.14942933156516,6.657892158753231,0.0373725146565684,0.9680614711540304,0.0319385288459695,29.915042408469542,6.967267736387248,0.2231287658214569,30.25808241863779,9.918735937461411,0.2410547286272049,0,Identify the question that Cooper's experiment can best answer.,b,b,1,4,1.0,128.7605005398499,6.577315265735068,0.0510817777047974,0.9563455430890752,0.0436544569109248,178.2050954485313,6.657958583025806,0.0373612133046371,0.968071129282684,0.031928870717316,29.9155916007573,6.968112470200817,0.2231633961200714,30.255745144072023,9.92202593498086,0.241146832704544,0,0,none
85,0,Compare the average kinetic energies of the particles in each sample. Which sample has the higher temperature?,c,c,1,4,1.0,169.48324632497415,7.705047411840105,0.0454620003977627,0.9602034768554538,0.0397965231445461,208.61333930018765,7.762996059027156,0.0372123665968285,0.9674250407906182,0.0325749592093818,28.720178911756065,11.87292182268526,0.1764174103736877,30.450049732654836,9.918735937461411,0.2195205688476562,0,Compare the average kinetic energies of the particles in each sample. Which sample has the higher temperature?,c,c,1,4,1.0,169.49014188424525,7.705059887002347,0.0454602244198048,0.9602050315109308,0.0397949684890692,208.68380394856416,7.763081447759808,0.0372002105619717,0.9674356819396722,0.0325643180603278,28.71994610027525,11.871967906632149,0.1764611452817917,30.449120485062476,9.92202593498086,0.2195645123720169,0,0,none
86,1,Does this passage describe the weather or the climate?,b,b,1,4,1.0,326.495444666306,10.771866334775725,0.0329923939544856,0.9699784851219848,0.0300215148780153,283.14689574569974,10.72258359956592,0.0378693312929558,0.9655407032784478,0.0344592967215521,31.35410386653641,12.053847889936504,0.2569019794464111,30.011333345370925,9.914945869842311,0.2063752263784408,1,Does this passage describe the weather or the climate?,b,b,1,4,1.0,326.5046398285695,10.771875442166383,0.0329914927022848,0.969979305218774,0.0300206947812259,283.2096111239944,10.722665422532875,0.0378612342285174,0.9655480712233396,0.0344519287766603,31.353588068117485,12.055394126473846,0.2568682134151459,30.008528614732512,9.919206546000217,0.2064528912305832,1,1,keep
87,0,Select the organism in the same species as the marbled salamander.,c,c,1,4,1.0,207.7004974377968,8.009956904304978,0.0385649384720604,0.9660864052520508,0.0339135947479493,210.87409175985724,8.014047192484908,0.0380039440862715,0.9665797377195536,0.0334202622804464,32.40190200518341,12.646164814188262,0.193085178732872,32.87213165032659,9.918735937461411,0.1898444592952728,0,Select the organism in the same species as the marbled salamander.,c,c,1,4,1.0,207.75005423635977,8.010021703500747,0.0385560510823628,0.966094220727571,0.033905779272429,210.89518743026744,8.014073983542842,0.0380002696182562,0.9665829690074572,0.0334170309925428,32.404219652698835,12.64746739610712,0.1930758655071258,32.86634037593378,9.92202593498086,0.1898192912340164,0,0,none
88,1,Which animal's skin is better adapted as a warning sign to ward off predators?,a,b,0,4,0.0,220.56313548521277,8.484366239656827,0.0384668372663102,0.965912464207085,0.0340875357929149,228.8200409511276,8.494815193131958,0.0371244369934638,0.967102037371946,0.0328979626280541,34.60063788914581,7.990924310776106,0.1686170101165771,35.067518222686594,9.918735937461411,0.220144897699356,1,Which animal's skin is better adapted as a warning sign to ward off predators?,a,b,0,4,0.0,220.56177470755625,8.48436445534052,0.0384670665013916,0.965912261069536,0.0340877389304639,228.7970283894932,8.494787084734485,0.0371280481417501,0.9670988373390028,0.032901162660997,34.598385866703154,7.987370026591917,0.1685106605291366,35.07047805233493,9.92202593498086,0.2202101945877075,0,0,none
89,1,"During this time, thermal energy was transferred from () to ().",b,b,1,4,1.0,157.29765466078834,8.008635871178736,0.0509138924445461,0.9551584066543448,0.0448415933456552,206.40302488552547,8.094995462317371,0.0392193644778558,0.9654581744048242,0.0345418255951757,29.60689882008792,9.993836715383422,0.1757906675338745,29.699684054373023,9.918735937461411,0.1896113753318786,1,"During this time, thermal energy was transferred from () to ().",b,b,1,4,1.0,157.32577121824107,8.008700052010367,0.0509052012902626,0.955166061248943,0.0448339387510569,206.3752406161721,8.094957817840612,0.0392244621674169,0.9654536846965868,0.034546315303413,29.610534343173605,9.99886074384642,0.1758410036563873,29.700809947792436,9.92202593498086,0.1897185146808624,1,1,keep
90,1,Which property matches this object?,b,b,1,4,1.0,219.2182447413477,11.125332989383374,0.0507500322453087,0.9535999705185748,0.0464000294814251,274.3573276258114,11.2300562516265,0.0409322264100154,0.9625762501394144,0.0374237498605855,29.78722723074645,10.006191582061437,0.1738347560167312,29.399183497913675,9.914945869842311,0.2110463082790374,1,Which property matches this object?,b,b,1,4,1.0,219.1453355759621,11.125161248193963,0.0507661329818159,0.9535852498451968,0.0464147501548031,274.3520102735062,11.2300481061554,0.0409329900479313,0.9625755519561772,0.0374244480438229,29.784159398872404,10.005079925334496,0.1737740635871887,29.400340057069297,9.919206546000217,0.211065873503685,1,1,keep
91,1,What is the name of the colony shown?,a,c,0,4,0.25,186.2189797628126,9.058540203588704,0.0486445592985558,0.95649182273918,0.0435081772608201,218.89025214022803,9.117750635139672,0.041654438907122,0.9627438558843132,0.0372561441156868,29.099100803692608,22.337177256370826,0.2624169290065765,28.783271804881075,9.918735937461411,0.2066819965839386,1,What is the name of the colony shown?,a,c,0,4,0.25,186.19048148189304,9.058479879967871,0.0486516808371259,0.9564854531643096,0.0435145468356903,218.85076567532423,9.11768934609104,0.0416616744198079,0.9627373843698612,0.0372626156301387,29.104256020625783,22.337693845356345,0.2624968886375427,28.79056066731913,9.92202593498086,0.2067093402147293,0,0,none
92,1,Will these magnets attract or repel each other?,b,b,1,4,1.0,262.6323105015585,10.37697333695796,0.0395114116657644,0.9641597273708972,0.0358402726291029,258.08979827375174,10.370431595098724,0.0401814859187071,0.9635519119855508,0.0364480880144493,30.571501883056538,9.441443134113394,0.1963443309068679,30.469679452184906,9.914945869842311,0.1955252289772033,1,Will these magnets attract or repel each other?,b,b,1,4,1.0,262.65252809732783,10.377001964965782,0.0395084792830187,0.9641623872960332,0.0358376127039666,258.0616184877552,10.370390320379489,0.0401857137111288,0.9635480770116376,0.0364519229883625,30.575306880755026,9.43970325949761,0.1963532865047454,30.465945708601527,9.919206546000217,0.1955189704895019,1,1,keep
93,0,Identify the question that Jen's experiment can best answer.,a,b,0,4,0.0,178.9885999169284,6.831735929024788,0.0381685533726478,0.9672353401748954,0.0327646598251045,177.96253173898432,6.830445594424401,0.0383813689751421,0.9670526549483132,0.0329473450516868,29.81349426493181,17.753342375516148,0.2930009067058563,30.202714506328448,9.918735937461411,0.2929251492023468,0,Identify the question that Jen's experiment can best answer.,a,b,0,4,0.0,178.9723005553969,6.831715543579117,0.0381719155555276,0.9672324540089658,0.0327675459910341,177.97135154558092,6.830456747101622,0.038379529557892,0.9670542339413624,0.0329457660586375,29.81660066249619,17.752779431795336,0.2929516136646271,30.19875427743428,9.92202593498086,0.2929781675338745,0,0,none
94,0,What location was involved in the triangular trade?,b,b,1,4,1.0,235.2611034664632,10.488294020978476,0.0445815048320284,0.9594969293639616,0.0405030706360384,274.3019071898181,10.549106618445302,0.0384580141148828,0.9650602269240182,0.0349397730759818,30.946267900882564,12.055356761542557,0.2206236273050308,30.180594280946263,9.914945869842311,0.2879330217838287,0,What location was involved in the triangular trade?,b,b,1,4,1.0,235.2268470943317,10.488232156020604,0.0445877342895922,0.9594912697936828,0.0405087302063172,274.2673022895793,10.5490601136846,0.0384626968859255,0.965055972545279,0.034944027454721,30.949868654977305,12.055256164226243,0.2206115126609802,30.188755210853422,9.919206546000217,0.2879869043827057,0,0,none
